Workbook

Sheet Dashboard
B1: #VALUE!
AA2: Todos os estados | AI2: Localidade | AJ2: 2005 | AK2: 2015 | AL2: 2025
F3: PROUNI | EVOLUÇÃO DAS BOLSAS POR ESTADO E REGIÃO | AA3: AC - Acre | AI3: =IF($B$13<>"Todos os estados",IF(ROW()=3,$B$13,""),IF($B$35="Brasil",Cálculos!B19,IF(ROW()=3,$B$35,""))) -> DF - Distrito Federal | AJ3: =IF($AI3="","",IF($B$13="Todos os estados",SUMIFS(Dados_Tratados!$H$8:$H$611,Dados_Tratados!$B$8:$B$611,AJ$2,Dados_Tratados!$C$8:$C$611,$AI3,Dados_Tratados!$E$8:$E$611,IF($B$39="Todas","*",$B$39),Dados_Tratados!$F$8:$F$611,IF($B$43="Todas","*",$B$43)),SUMIFS(Dados_Tratados!$H$8:$H$611,Dados_Tratados!$B$8:$B$611,AJ$2,Dados_Tratados!$D$8:$D$611,LEFT($B$13,2),Dados_Tratados!$E$8:$E$611,IF($B$39="Todas","*",$B$39),Dados_Tratados!$F$8:$F$611,IF($B$43="Todas","*",$B$43)))) -> 1176 | AK3: =IF($AI3="","",IF($B$13="Todos os estados",SUMIFS(Dados_Tratados!$H$8:$H$611,Dados_Tratados!$B$8:$B$611,AK$2,Dados_Tratados!$C$8:$C$611,$AI3,Dados_Tratados!$E$8:$E$611,IF($B$39="Todas","*",$B$39),Dados_Tratados!$F$8:$F$611,IF($B$43="Todas","*",$B$43)),SUMIFS(Dados_Tratados!$H$8:$H$611,Dados_Tratados!$B$8:$B$611,AK$2,Dados_Tratados!$D$8:$D$611,LEFT($B$13,2),Dados_Tratados!$E$8:$E$611,IF($B$39="Todas","*",$B$39),Dados_Tratados!$F$8:$F$611,IF($B$43="Todas","*",$B$43)))) -> 3801 | AL3: =IF($AI3="","",IF($B$13="Todos os estados",SUMIFS(Dados_Tratados!$H$8:$H$611,Dados_Tratados!$B$8:$B$611,AL$2,Dados_Tratados!$C$8:$C$611,$AI3,Dados_Tratados!$E$8:$E$611,IF($B$39="Todas","*",$B$39),Dados_Tratados!$F$8:$F$611,IF($B$43="Todas","*",$B$43)),SUMIFS(Dados_Tratados!$H$8:$H$611,Dados_Tratados!$B$8:$B$611,AL$2,Dados_Tratados!$D$8:$D$611,LEFT($B$13,2),Dados_Tratados!$E$8:$E$611,IF($B$39="Todas","*",$B$39),Dados_Tratados!$F$8:$F$611,IF($B$43="Todas","*",$B$43)))) -> 2920
AA4: AL - Alagoas | AI4: =IF($B$13<>"Todos os estados",IF(ROW()=3,$B$13,""),IF($B$35="Brasil",Cálculos!B20,IF(ROW()=3,$B$35,""))) | AJ4: =IF($AI4="","",IF($B$13="Todos os estados",SUMIFS(Dados_Tratados!$H$8:$H$611,Dados_Tratados!$B$8:$B$611,AJ$2,Dados_Tratados!$C$8:$C$611,$AI4,Dados_Tratados!$E$8:$E$611,IF($B$39="Todas","*",$B$39),Dados_Tratados!$F$8:$F$611,IF($B$43="Todas","*",$B$43)),SUMIFS(Dados_Tratados!$H$8:$H$611,Dados_Tratados!$B$8:$B$611,AJ$2,Dados_Tratados!$D$8:$D$611,LEFT($B$13,2),Dados_Tratados!$E$8:$E$611,IF($B$39="Todas","*",$B$39),Dados_Tratados!$F$8:$F$611,IF($B$43="Todas","*",$B$43)))) | AK4: =IF($AI4="","",IF($B$13="Todos os estados",SUMIFS(Dados_Tratados!$H$8:$H$611,Dados_Tratados!$B$8:$B$611,AK$2,Dados_Tratados!$C$8:$C$611,$AI4,Dados_Tratados!$E$8:$E$611,IF($B$39="Todas","*",$B$39),Dados_Tratados!$F$8:$F$611,IF($B$43="Todas","*",$B$43)),SUMIFS(Dados_Tratados!$H$8:$H$611,Dados_Tratados!$B$8:$B$611,AK$2,Dados_Tratados!$D$8:$D$611,LEFT($B$13,2),Dados_Tratados!$E$8:$E$611,IF($B$39="Todas","*",$B$39),Dados_Tratados!$F$8:$F$611,IF($B$43="Todas","*",$B$43)))) | AL4: =IF($AI4="","",IF($B$13="Todos os estados",SUMIFS(Dados_Tratados!$H$8:$H$611,Dados_Tratados!$B$8:$B$611,AL$2,Dados_Tratados!$C$8:$C$611,$AI4,Dados_Tratados!$E$8:$E$611,IF($B$39="Todas","*",$B$39),Dados_Tratados!$F$8:$F$611,IF($B$43="Todas","*",$B$43)),SUMIFS(Dados_Tratados!$H$8:$H$611,Dados_Tratados!$B$8:$B$611,AL$2,Dados_Tratados!$D$8:$D$611,LEFT($B$13,2),Dados_Tratados!$E$8:$E$611,IF($B$39="Todas","*",$B$39),Dados_Tratados!$F$8:$F$611,IF($B$43="Todas","*",$B$43))))
F5: 2005 • 2015 • 2025 | Selecione uma UF para visualizar totais e evolução das bolsas | AA5: AP - Amapá | AI5: =IF($B$13<>"Todos os estados",IF(ROW()=3,$B$13,""),IF($B$35="Brasil",Cálculos!B21,IF(ROW()=3,$B$35,""))) | AJ5: =IF($AI5="","",IF($B$13="Todos os estados",SUMIFS(Dados_Tratados!$H$8:$H$611,Dados_Tratados!$B$8:$B$611,AJ$2,Dados_Tratados!$C$8:$C$611,$AI5,Dados_Tratados!$E$8:$E$611,IF($B$39="Todas","*",$B$39),Dados_Tratados!$F$8:$F$611,IF($B$43="Todas","*",$B$43)),SUMIFS(Dados_Tratados!$H$8:$H$611,Dados_Tratados!$B$8:$B$611,AJ$2,Dados_Tratados!$D$8:$D$611,LEFT($B$13,2),Dados_Tratados!$E$8:$E$611,IF($B$39="Todas","*",$B$39),Dados_Tratados!$F$8:$F$611,IF($B$43="Todas","*",$B$43)))) | AK5: =IF($AI5="","",IF($B$13="Todos os estados",SUMIFS(Dados_Tratados!$H$8:$H$611,Dados_Tratados!$B$8:$B$611,AK$2,Dados_Tratados!$C$8:$C$611,$AI5,Dados_Tratados!$E$8:$E$611,IF($B$39="Todas","*",$B$39),Dados_Tratados!$F$8:$F$611,IF($B$43="Todas","*",$B$43)),SUMIFS(Dados_Tratados!$H$8:$H$611,Dados_Tratados!$B$8:$B$611,AK$2,Dados_Tratados!$D$8:$D$611,LEFT($B$13,2),Dados_Tratados!$E$8:$E$611,IF($B$39="Todas","*",$B$39),Dados_Tratados!$F$8:$F$611,IF($B$43="Todas","*",$B$43)))) | AL5: =IF($AI5="","",IF($B$13="Todos os estados",SUMIFS(Dados_Tratados!$H$8:$H$611,Dados_Tratados!$B$8:$B$611,AL$2,Dados_Tratados!$C$8:$C$611,$AI5,Dados_Tratados!$E$8:$E$611,IF($B$39="Todas","*",$B$39),Dados_Tratados!$F$8:$F$611,IF($B$43="Todas","*",$B$43)),SUMIFS(Dados_Tratados!$H$8:$H$611,Dados_Tratados!$B$8:$B$611,AL$2,Dados_Tratados!$D$8:$D$611,LEFT($B$13,2),Dados_Tratados!$E$8:$E$611,IF($B$39="Todas","*",$B$39),Dados_Tratados!$F$8:$F$611,IF($B$43="Todas","*",$B$43))))
AA6: AM - Amazonas | AD6: Ano | AE6: Integral | AF6: Parcial | AG6: Total | AI6: =IF($B$13<>"Todos os estados",IF(ROW()=3,$B$13,""),IF($B$35="Brasil",Cálculos!B22,IF(ROW()=3,$B$35,""))) | AJ6: =IF($AI6="","",IF($B$13="Todos os estados",SUMIFS(Dados_Tratados!$H$8:$H$611,Dados_Tratados!$B$8:$B$611,AJ$2,Dados_Tratados!$C$8:$C$611,$AI6,Dados_Tratados!$E$8:$E$611,IF($B$39="Todas","*",$B$39),Dados_Tratados!$F$8:$F$611,IF($B$43="Todas","*",$B$43)),SUMIFS(Dados_Tratados!$H$8:$H$611,Dados_Tratados!$B$8:$B$611,AJ$2,Dados_Tratados!$D$8:$D$611,LEFT($B$13,2),Dados_Tratados!$E$8:$E$611,IF($B$39="Todas","*",$B$39),Dados_Tratados!$F$8:$F$611,IF($B$43="Todas","*",$B$43)))) | AK6: =IF($AI6="","",IF($B$13="Todos os estados",SUMIFS(Dados_Tratados!$H$8:$H$611,Dados_Tratados!$B$8:$B$611,AK$2,Dados_Tratados!$C$8:$C$611,$AI6,Dados_Tratados!$E$8:$E$611,IF($B$39="Todas","*",$B$39),Dados_Tratados!$F$8:$F$611,IF($B$43="Todas","*",$B$43)),SUMIFS(Dados_Tratados!$H$8:$H$611,Dados_Tratados!$B$8:$B$611,AK$2,Dados_Tratados!$D$8:$D$611,LEFT($B$13,2),Dados_Tratados!$E$8:$E$611,IF($B$39="Todas","*",$B$39),Dados_Tratados!$F$8:$F$611,IF($B$43="Todas","*",$B$43)))) | AL6: =IF($AI6="","",IF($B$13="Todos os estados",SUMIFS(Dados_Tratados!$H$8:$H$611,Dados_Tratados!$B$8:$B$611,AL$2,Dados_Tratados!$C$8:$C$611,$AI6,Dados_Tratados!$E$8:$E$611,IF($B$39="Todas","*",$B$39),Dados_Tratados!$F$8:$F$611,IF($B$43="Todas","*",$B$43)),SUMIFS(Dados_Tratados!$H$8:$H$611,Dados_Tratados!$B$8:$B$611,AL$2,Dados_Tratados!$D$8:$D$611,LEFT($B$13,2),Dados_Tratados!$E$8:$E$611,IF($B$39="Todas","*",$B$39),Dados_Tratados!$F$8:$F$611,IF($B$43="Todas","*",$B$43))))
B7: ANO DOS INDICADORES | AA7: BA - Bahia | AD7: 2005 | AE7: =IF(OR($B$39="Todas",$B$39="Integral"),IF($B$13="Todos os estados",SUMIFS(Dados_Tratados!$H$8:$H$611,Dados_Tratados!$B$8:$B$611,$AD7,Dados_Tratados!$C$8:$C$611,IF($B$35="Brasil","*",$B$35),Dados_Tratados!$E$8:$E$611,"Integral",Dados_Tratados!$F$8:$F$611,IF($B$43="Todas","*",$B$43)),SUMIFS(Dados_Tratados!$H$8:$H$611,Dados_Tratados!$B$8:$B$611,$AD7,Dados_Tratados!$D$8:$D$611,LEFT($B$13,2),Dados_Tratados!$E$8:$E$611,"Integral",Dados_Tratados!$F$8:$F$611,IF($B$43="Todas","*",$B$43))),0) -> 1176 | AF7: =IF(OR($B$39="Todas",$B$39="Parcial"),IF($B$13="Todos os estados",SUMIFS(Dados_Tratados!$H$8:$H$611,Dados_Tratados!$B$8:$B$611,$AD7,Dados_Tratados!$C$8:$C$611,IF($B$35="Brasil","*",$B$35),Dados_Tratados!$E$8:$E$611,"Parcial",Dados_Tratados!$F$8:$F$611,IF($B$43="Todas","*",$B$43)),SUMIFS(Dados_Tratados!$H$8:$H$611,Dados_Tratados!$B$8:$B$611,$AD7,Dados_Tratados!$D$8:$D$611,LEFT($B$13,2),Dados_Tratados!$E$8:$E$611,"Parcial",Dados_Tratados!$F$8:$F$611,IF($B$43="Todas","*",$B$43))),0) -> 0 | AG7: =SUM(AE7:AF7) -> 1176 | AI7: =IF($B$13<>"Todos os estados",IF(ROW()=3,$B$13,""),IF($B$35="Brasil",Cálculos!B23,IF(ROW()=3,$B$35,""))) | AJ7: =IF($AI7="","",IF($B$13="Todos os estados",SUMIFS(Dados_Tratados!$H$8:$H$611,Dados_Tratados!$B$8:$B$611,AJ$2,Dados_Tratados!$C$8:$C$611,$AI7,Dados_Tratados!$E$8:$E$611,IF($B$39="Todas","*",$B$39),Dados_Tratados!$F$8:$F$611,IF($B$43="Todas","*",$B$43)),SUMIFS(Dados_Tratados!$H$8:$H$611,Dados_Tratados!$B$8:$B$611,AJ$2,Dados_Tratados!$D$8:$D$611,LEFT($B$13,2),Dados_Tratados!$E$8:$E$611,IF($B$39="Todas","*",$B$39),Dados_Tratados!$F$8:$F$611,IF($B$43="Todas","*",$B$43)))) | AK7: =IF($AI7="","",IF($B$13="Todos os estados",SUMIFS(Dados_Tratados!$H$8:$H$611,Dados_Tratados!$B$8:$B$611,AK$2,Dados_Tratados!$C$8:$C$611,$AI7,Dados_Tratados!$E$8:$E$611,IF($B$39="Todas","*",$B$39),Dados_Tratados!$F$8:$F$611,IF($B$43="Todas","*",$B$43)),SUMIFS(Dados_Tratados!$H$8:$H$611,Dados_Tratados!$B$8:$B$611,AK$2,Dados_Tratados!$D$8:$D$611,LEFT($B$13,2),Dados_Tratados!$E$8:$E$611,IF($B$39="Todas","*",$B$39),Dados_Tratados!$F$8:$F$611,IF($B$43="Todas","*",$B$43)))) | AL7: =IF($AI7="","",IF($B$13="Todos os estados",SUMIFS(Dados_Tratados!$H$8:$H$611,Dados_Tratados!$B$8:$B$611,AL$2,Dados_Tratados!$C$8:$C$611,$AI7,Dados_Tratados!$E$8:$E$611,IF($B$39="Todas","*",$B$39),Dados_Tratados!$F$8:$F$611,IF($B$43="Todas","*",$B$43)),SUMIFS(Dados_Tratados!$H$8:$H$611,Dados_Tratados!$B$8:$B$611,AL$2,Dados_Tratados!$D$8:$D$611,LEFT($B$13,2),Dados_Tratados!$E$8:$E$611,IF($B$39="Todas","*",$B$39),Dados_Tratados!$F$8:$F$611,IF($B$43="Todas","*",$B$43))))
AA8: CE - Ceará | AD8: 2015 | AE8: =IF(OR($B$39="Todas",$B$39="Integral"),IF($B$13="Todos os estados",SUMIFS(Dados_Tratados!$H$8:$H$611,Dados_Tratados!$B$8:$B$611,$AD8,Dados_Tratados!$C$8:$C$611,IF($B$35="Brasil","*",$B$35),Dados_Tratados!$E$8:$E$611,"Integral",Dados_Tratados!$F$8:$F$611,IF($B$43="Todas","*",$B$43)),SUMIFS(Dados_Tratados!$H$8:$H$611,Dados_Tratados!$B$8:$B$611,$AD8,Dados_Tratados!$D$8:$D$611,LEFT($B$13,2),Dados_Tratados!$E$8:$E$611,"Integral",Dados_Tratados!$F$8:$F$611,IF($B$43="Todas","*",$B$43))),0) -> 3801 | AF8: =IF(OR($B$39="Todas",$B$39="Parcial"),IF($B$13="Todos os estados",SUMIFS(Dados_Tratados!$H$8:$H$611,Dados_Tratados!$B$8:$B$611,$AD8,Dados_Tratados!$C$8:$C$611,IF($B$35="Brasil","*",$B$35),Dados_Tratados!$E$8:$E$611,"Parcial",Dados_Tratados!$F$8:$F$611,IF($B$43="Todas","*",$B$43)),SUMIFS(Dados_Tratados!$H$8:$H$611,Dados_Tratados!$B$8:$B$611,$AD8,Dados_Tratados!$D$8:$D$611,LEFT($B$13,2),Dados_Tratados!$E$8:$E$611,"Parcial",Dados_Tratados!$F$8:$F$611,IF($B$43="Todas","*",$B$43))),0) -> 0 | AG8: =SUM(AE8:AF8) -> 3801
B9: 2005 | F9: TOTAL DE BOLSAS | L9: BOLSAS INTEGRAIS | R9: BOLSAS PARCIAIS | AA9: DF - Distrito Federal | AD9: 2025 | AE9: =IF(OR($B$39="Todas",$B$39="Integral"),IF($B$13="Todos os estados",SUMIFS(Dados_Tratados!$H$8:$H$611,Dados_Tratados!$B$8:$B$611,$AD9,Dados_Tratados!$C$8:$C$611,IF($B$35="Brasil","*",$B$35),Dados_Tratados!$E$8:$E$611,"Integral",Dados_Tratados!$F$8:$F$611,IF($B$43="Todas","*",$B$43)),SUMIFS(Dados_Tratados!$H$8:$H$611,Dados_Tratados!$B$8:$B$611,$AD9,Dados_Tratados!$D$8:$D$611,LEFT($B$13,2),Dados_Tratados!$E$8:$E$611,"Integral",Dados_Tratados!$F$8:$F$611,IF($B$43="Todas","*",$B$43))),0) -> 2920 | AF9: =IF(OR($B$39="Todas",$B$39="Parcial"),IF($B$13="Todos os estados",SUMIFS(Dados_Tratados!$H$8:$H$611,Dados_Tratados!$B$8:$B$611,$AD9,Dados_Tratados!$C$8:$C$611,IF($B$35="Brasil","*",$B$35),Dados_Tratados!$E$8:$E$611,"Parcial",Dados_Tratados!$F$8:$F$611,IF($B$43="Todas","*",$B$43)),SUMIFS(Dados_Tratados!$H$8:$H$611,Dados_Tratados!$B$8:$B$611,$AD9,Dados_Tratados!$D$8:$D$611,LEFT($B$13,2),Dados_Tratados!$E$8:$E$611,"Parcial",Dados_Tratados!$F$8:$F$611,IF($B$43="Todas","*",$B$43))),0) -> 0 | AG9: =SUM(AE9:AF9) -> 2920
F10: =SUMIF($AD$7:$AD$9,$B$47,$AG$7:$AG$9) -> 1176 | L10: =SUMIF($AD$7:$AD$9,$B$47,$AE$7:$AE$9) -> 1176 | R10: =SUMIF($AD$7:$AD$9,$B$47,$AF$7:$AF$9) -> 0 | AA10: ES - Espírito Santo
B11: ESTADO (UF)
AA12: GO - Goiás
B13: DF - Distrito Federal | AA13: MA - Maranhão
F14: =IF($B$13="Todos os estados",IF($B$35="Brasil","Brasil / região","Região: "&$B$35),"UF: "&$B$13) -> UF: DF - Distrito Federal | L14: Concessões de bolsa integral (100%) | R14: Concessões de bolsa parcial 50% | AA14: MT - Mato Grosso
B15: REGIÃO | AA15: MS - Mato Grosso do Sul
F16: EVOLUÇÃO 2005 → 2025 | L16: EVOLUÇÃO 2015 → 2025 | R16: PARTICIPAÇÃO INTEGRAL | AA16: MG - Minas Gerais
B17: Brasil | F17: =IFERROR($AG$9/$AG$7-1,0) -> 1.4829932 | L17: =IFERROR($AG$9/$AG$8-1,0) -> -0.23178111 | R17: =IFERROR(L10/F10,0) -> 1 | AA17: PA - Pará
AA18: PB - Paraíba
B19: TIPO DE BOLSA | AA19: PR - Paraná
F20: =IF($B$13<>"Todos os estados","BOLSAS NO ESTADO · COMPARAÇÃO 2005 / 2015 / 2025",IF($B$35="Brasil","BOLSAS POR REGIÃO · COMPARAÇÃO 2005 / 2015 / 2025","BOLSAS NA REGIÃO · COMPARAÇÃO 2005 / 2015 / 2025")) -> BOLSAS NO ESTADO · COMPARAÇÃO 2005 / 2015 / 2025 | AA20: PE - Pernambuco
F21: =IF($B$13<>"Todos os estados","UF selecionada: "&$B$13&". A região não limita este recorte.","Compare os três anos e use o filtro de região para detalhar os resultados.") -> UF selecionada: DF - Distrito Federal. A região não limita este recorte. | AA21: PI - Piauí
B22: Integral | AA22: RJ - Rio de Janeiro
AA23: RN - Rio Grande do Norte
B24: MODALIDADE DE ENSINO | AA24: RS - Rio Grande do Sul
AA25: RR - Roraima
AA26: SC - Santa Catarina
B27: Todas | AA27: SP - São Paulo
AA28: SE - Sergipe
AA29: TO - Tocantins
B39: =B22 -> Integral
F42: BALANÇO TERRITORIAL | 2005 → 2025 | L42: SÉRIE DO RECORTE SELECIONADO
B43: =B27 -> Todas
F44: Região / UF | G44: 2005 | H44: 2025 | I44: Var. % | L44: Ano | M44: Total | N44: Integral | O44: Parcial
F45: =IF($AI$3="","",$AI$3) -> DF - Distrito Federal | G45: =IF($AI$3="","",$AJ$3) -> 1176 | H45: =IF($AI$3="","",$AL$3) -> 2920 | I45: =IF($AI$3="","",IFERROR($AL$3/$AJ$3-1,0)) -> 1.4829932 | L45: =$AD$7 -> 2005 | M45: =$AG$7 -> 1176 | N45: =$AE$7 -> 1176 | O45: =$AF$7 -> 0
F46: =IF($AI$4="","",$AI$4) | G46: =IF($AI$4="","",$AI$4) | H46: =IF($AI$4="","",$AI$4) | I46: =IF($AI$4="","",$AI$4) | L46: =$AD$8 -> 2015 | M46: =$AG$8 -> 3801 | N46: =$AE$8 -> 3801 | O46: =$AF$8 -> 0
B47: =B9 -> 2005 | L47: =$AD$9 -> 2025 | M47: =$AG$9 -> 2920 | N47: =$AE$9 -> 2920 | O47: =$AF$9 -> 0
B49: UF selecionada tem prioridade sobre o filtro de região.
B51: Use as setas dos campos acima para comparar 2005, 2015 e 2025. O gráfico e os indicadores são atualizados automaticamente.
F55: FONTE: MEC / Dados abertos do ProUni • Bases de 2005, 2015 e 2025
F56: MÉTRICA: registros de concessão de bolsas parciais e integrais

Sheet Assets
B1: ASSETS | IDENTIDADE VISUAL E METODOLOGIA
B3: MEC • ProUni | tratamento e análise de bolsas concedidas — 2005 · 2015 · 2025
A4: ← DASHBOARD
B6: #VALUE! | G6: PALETA • MAIS CONSULTORIA
G8: Azul principal | M8: #073C93
G9: Azul escuro | M9: #092C65
G10: Verde institucional | M10: #17CD4D
G11: Fundo suave | M11: #F3F6FB
G12: Texto | M12: #172B4D
B19: FONTES E PROCEDIMENTO
B21: Origem: Ministério da Educação (MEC) • dados abertos do Programa Universidade para Todos (ProUni).
B22: Arquivos: pda-prouni-2005.csv | pda-prouni-2015.csv | prouni_pda_2025.csv.
B23: Unidade de análise: registros de concessão de bolsa, NÃO estudantes únicos ou estoque de matriculados.
B24: Geografia: região e UF do BENEFICIÁRIO, não região ou município da instituição de ensino.
B25: Padronização: bolsa integral/parcial 50%; presencial/EaD; masculino/feminino; cinco regiões IBGE.
B26: 2005 e 2015: região e UF não preenchidas em alguns registros; mantidos no agregado Brasil (categoria Não informado).
B27: 2025: valores de modalidade “EAD” compatibilizados com “EDUCAÇÃO A DISTÂNCIA” de 2005/2015.
B28: Bases anuais e Dados_Tratados estão agregados (UF × tipo × modalidade × sexo), sem dados pessoais.
B29: Todas as fórmulas do Dashboard se referem a Cálculos e Dados_Tratados, permitindo atualizar filtros.

Sheet Base_2005
B1: BASE TRATADA | PROUNI 2005
B3: MEC • ProUni | tratamento e análise de bolsas concedidas — 2005 · 2015 · 2025
A4: ← DASHBOARD
B5: Dados agregados por UF do beneficiário, tipo, modalidade e sexo (sem CPF nem dados pessoais)
B7: Bolsas registradas | E7: Bolsas integrais | H7: Bolsas parciais
B8: 95629 | E8: 67276 | H8: 28353
B11: Ano | C11: Região | D11: UF | E11: Tipo de bolsa | F11: Modalidade | G11: Sexo | H11: Bolsas | I11: % do ano
B12: 2005 | C12: Norte | D12: AC | E12: Integral | F12: EaD | G12: Feminino | H12: 2 | I12: =IFERROR(H12/$B$8,0) -> 2.0914158e-05
B13: 2005 | C13: Norte | D13: AC | E13: Integral | F13: Presencial | G13: Feminino | H13: 45 | I13: =IFERROR(H13/$B$8,0) -> 0.00047056855
B14: 2005 | C14: Norte | D14: AC | E14: Integral | F14: Presencial | G14: Masculino | H14: 16 | I14: =IFERROR(H14/$B$8,0) -> 0.00016731326
B15: 2005 | C15: Norte | D15: AC | E15: Parcial | F15: Presencial | G15: Feminino | H15: 33 | I15: =IFERROR(H15/$B$8,0) -> 0.0003450836
B16: 2005 | C16: Norte | D16: AC | E16: Parcial | F16: Presencial | G16: Masculino | H16: 27 | I16: =IFERROR(H16/$B$8,0) -> 0.00028234113
B17: 2005 | C17: Norte | D17: AM | E17: Integral | F17: EaD | G17: Feminino | H17: 1 | I17: =IFERROR(H17/$B$8,0) -> 1.0457079e-05
B18: 2005 | C18: Norte | D18: AM | E18: Integral | F18: Presencial | G18: Feminino | H18: 311 | I18: =IFERROR(H18/$B$8,0) -> 0.0032521515
B19: 2005 | C19: Norte | D19: AM | E19: Integral | F19: Presencial | G19: Masculino | H19: 175 | I19: =IFERROR(H19/$B$8,0) -> 0.0018299888
B20: 2005 | C20: Norte | D20: AM | E20: Parcial | F20: Presencial | G20: Feminino | H20: 216 | I20: =IFERROR(H20/$B$8,0) -> 0.002258729
B21: 2005 | C21: Norte | D21: AM | E21: Parcial | F21: Presencial | G21: Masculino | H21: 109 | I21: =IFERROR(H21/$B$8,0) -> 0.0011398216
B22: 2005 | C22: Norte | D22: AP | E22: Integral | F22: Presencial | G22: Feminino | H22: 117 | I22: =IFERROR(H22/$B$8,0) -> 0.0012234782
B23: 2005 | C23: Norte | D23: AP | E23: Integral | F23: Presencial | G23: Masculino | H23: 90 | I23: =IFERROR(H23/$B$8,0) -> 0.0009411371
... B180: 2005 | C180: Não informado | D180: NI | E180: Parcial | F180: Presencial | G180: Masculino | H180: 41 | I180: =IFERROR(H180/$B$8,0) -> 0.00042874024
B182: Controle: soma das linhas = 95,629 registros; região não informada: 266.

Sheet Base_2015
B1: BASE TRATADA | PROUNI 2015
B3: MEC • ProUni | tratamento e análise de bolsas concedidas — 2005 · 2015 · 2025
A4: ← DASHBOARD
B5: Dados agregados por UF do beneficiário, tipo, modalidade e sexo (sem CPF nem dados pessoais)
B7: Bolsas registradas | E7: Bolsas integrais | H7: Bolsas parciais
B8: 252650 | E8: 185086 | H8: 67564
B11: Ano | C11: Região | D11: UF | E11: Tipo de bolsa | F11: Modalidade | G11: Sexo | H11: Bolsas | I11: % do ano
B12: 2015 | C12: Norte | D12: AC | E12: Integral | F12: EaD | G12: Feminino | H12: 192 | I12: =IFERROR(H12/$B$8,0) -> 0.00075994459
B13: 2015 | C13: Norte | D13: AC | E13: Integral | F13: EaD | G13: Masculino | H13: 165 | I13: =IFERROR(H13/$B$8,0) -> 0.00065307738
B14: 2015 | C14: Norte | D14: AC | E14: Integral | F14: Presencial | G14: Feminino | H14: 125 | I14: =IFERROR(H14/$B$8,0) -> 0.00049475559
B15: 2015 | C15: Norte | D15: AC | E15: Integral | F15: Presencial | G15: Masculino | H15: 104 | I15: =IFERROR(H15/$B$8,0) -> 0.00041163665
B16: 2015 | C16: Norte | D16: AC | E16: Parcial | F16: EaD | G16: Feminino | H16: 9 | I16: =IFERROR(H16/$B$8,0) -> 3.5622403e-05
B17: 2015 | C17: Norte | D17: AC | E17: Parcial | F17: EaD | G17: Masculino | H17: 7 | I17: =IFERROR(H17/$B$8,0) -> 2.7706313e-05
B18: 2015 | C18: Norte | D18: AC | E18: Parcial | F18: Presencial | G18: Feminino | H18: 238 | I18: =IFERROR(H18/$B$8,0) -> 0.00094201464
B19: 2015 | C19: Norte | D19: AC | E19: Parcial | F19: Presencial | G19: Masculino | H19: 191 | I19: =IFERROR(H19/$B$8,0) -> 0.00075598654
B20: 2015 | C20: Norte | D20: AM | E20: Integral | F20: EaD | G20: Feminino | H20: 345 | I20: =IFERROR(H20/$B$8,0) -> 0.0013655254
B21: 2015 | C21: Norte | D21: AM | E21: Integral | F21: EaD | G21: Masculino | H21: 292 | I21: =IFERROR(H21/$B$8,0) -> 0.0011557491
B22: 2015 | C22: Norte | D22: AM | E22: Integral | F22: Presencial | G22: Feminino | H22: 1377 | I22: =IFERROR(H22/$B$8,0) -> 0.0054502276
B23: 2015 | C23: Norte | D23: AM | E23: Integral | F23: Presencial | G23: Masculino | H23: 1474 | I23: =IFERROR(H23/$B$8,0) -> 0.0058341579
... B231: 2015 | C231: Não informado | D231: NI | E231: Parcial | F231: Presencial | G231: Masculino | H231: 3 | I231: =IFERROR(H231/$B$8,0) -> 1.1874134e-05
B233: Controle: soma das linhas = 252,650 registros; região não informada: 15.

Sheet Base_2025
B1: BASE TRATADA | PROUNI 2025
B3: MEC • ProUni | tratamento e análise de bolsas concedidas — 2005 · 2015 · 2025
A4: ← DASHBOARD
B5: Dados agregados por UF do beneficiário, tipo, modalidade e sexo (sem CPF nem dados pessoais)
B7: Bolsas registradas | E7: Bolsas integrais | H7: Bolsas parciais
B8: 174920 | E8: 146789 | H8: 28131
B11: Ano | C11: Região | D11: UF | E11: Tipo de bolsa | F11: Modalidade | G11: Sexo | H11: Bolsas | I11: % do ano
B12: 2025 | C12: Norte | D12: AC | E12: Integral | F12: EaD | G12: Feminino | H12: 290 | I12: =IFERROR(H12/$B$8,0) -> 0.0016579008
B13: 2025 | C13: Norte | D13: AC | E13: Integral | F13: EaD | G13: Masculino | H13: 163 | I13: =IFERROR(H13/$B$8,0) -> 0.00093185456
B14: 2025 | C14: Norte | D14: AC | E14: Integral | F14: Presencial | G14: Feminino | H14: 142 | I14: =IFERROR(H14/$B$8,0) -> 0.00081179968
B15: 2025 | C15: Norte | D15: AC | E15: Integral | F15: Presencial | G15: Masculino | H15: 87 | I15: =IFERROR(H15/$B$8,0) -> 0.00049737023
B16: 2025 | C16: Norte | D16: AC | E16: Parcial | F16: EaD | G16: Feminino | H16: 3 | I16: =IFERROR(H16/$B$8,0) -> 1.7150697e-05
B17: 2025 | C17: Norte | D17: AC | E17: Parcial | F17: EaD | G17: Masculino | H17: 1 | I17: =IFERROR(H17/$B$8,0) -> 5.7168992e-06
B18: 2025 | C18: Norte | D18: AC | E18: Parcial | F18: Presencial | G18: Feminino | H18: 120 | I18: =IFERROR(H18/$B$8,0) -> 0.0006860279
B19: 2025 | C19: Norte | D19: AC | E19: Parcial | F19: Presencial | G19: Masculino | H19: 68 | I19: =IFERROR(H19/$B$8,0) -> 0.00038874914
B20: 2025 | C20: Norte | D20: AM | E20: Integral | F20: EaD | G20: Feminino | H20: 835 | I20: =IFERROR(H20/$B$8,0) -> 0.0047736108
B21: 2025 | C21: Norte | D21: AM | E21: Integral | F21: EaD | G21: Masculino | H21: 531 | I21: =IFERROR(H21/$B$8,0) -> 0.0030356735
B22: 2025 | C22: Norte | D22: AM | E22: Integral | F22: Presencial | G22: Feminino | H22: 1166 | I22: =IFERROR(H22/$B$8,0) -> 0.0066659044
B23: 2025 | C23: Norte | D23: AM | E23: Integral | F23: Presencial | G23: Masculino | H23: 631 | I23: =IFERROR(H23/$B$8,0) -> 0.0036073634
... B226: 2025 | C226: Sul | D226: SC | E226: Parcial | F226: Presencial | G226: Masculino | H226: 78 | I226: =IFERROR(H226/$B$8,0) -> 0.00044591813
B228: Controle: soma das linhas = 174,920 registros; região não informada: 0.

Sheet Dados_Tratados
B1: DADOS TRATADOS | BASE CONSOLIDADA
B3: MEC • ProUni | tratamento e análise de bolsas concedidas — 2005 · 2015 · 2025
A4: ← DASHBOARD
B5: Grão analítico: ano × região do beneficiário × UF × bolsa × modalidade × sexo
B7: Ano | C7: Região | D7: UF | E7: Tipo de bolsa | F7: Modalidade | G7: Sexo | H7: Bolsas
B8: 2005 | C8: Norte | D8: AC | E8: Integral | F8: EaD | G8: Feminino | H8: 2
B9: 2005 | C9: Norte | D9: AC | E9: Integral | F9: Presencial | G9: Feminino | H9: 45
B10: 2005 | C10: Norte | D10: AC | E10: Integral | F10: Presencial | G10: Masculino | H10: 16
B11: 2005 | C11: Norte | D11: AC | E11: Parcial | F11: Presencial | G11: Feminino | H11: 33
B12: 2005 | C12: Norte | D12: AC | E12: Parcial | F12: Presencial | G12: Masculino | H12: 27
B13: 2005 | C13: Norte | D13: AM | E13: Integral | F13: EaD | G13: Feminino | H13: 1
B14: 2005 | C14: Norte | D14: AM | E14: Integral | F14: Presencial | G14: Feminino | H14: 311
B15: 2005 | C15: Norte | D15: AM | E15: Integral | F15: Presencial | G15: Masculino | H15: 175
B16: 2005 | C16: Norte | D16: AM | E16: Parcial | F16: Presencial | G16: Feminino | H16: 216
B17: 2005 | C17: Norte | D17: AM | E17: Parcial | F17: Presencial | G17: Masculino | H17: 109
B18: 2005 | C18: Norte | D18: AP | E18: Integral | F18: Presencial | G18: Feminino | H18: 117
B19: 2005 | C19: Norte | D19: AP | E19: Integral | F19: Presencial | G19: Masculino | H19: 90
... B611: 2025 | C611: Sul | D611: SC | E611: Parcial | F611: Presencial | G611: Masculino | H611: 78

Sheet Cálculos
B1: CÁLCULOS | CAMADA ANALÍTICA
B3: MEC • ProUni | tratamento e análise de bolsas concedidas — 2005 · 2015 · 2025
A4: ← DASHBOARD
B5: Valores derivados por fórmulas SUMIFS a partir da aba Dados_Tratados, conforme os filtros do Dashboard.
B7: Região selecionada | C7: Tipo selecionado | D7: Modalidade | E7: Ano de referência
B8: =Dashboard!B35 -> 0 | C8: =Dashboard!B39 -> Integral | D8: =Dashboard!B43 -> Todas | E8: =Dashboard!B47 -> 2005
B10: SÉRIE NACIONAL / REGIONAL SELECIONADA — TODOS OS ANOS
B11: Ano | C11: Total no recorte | D11: Integral | E11: Parcial | F11: % integrais | G11: Variação vs. anterior
B12: 2005 | C12: =SUM(D12:E12) -> 0 | D12: =IF(OR(Dashboard!$B$39="Todas",Dashboard!$B$39="Integral"),SUMIFS(Dados_Tratados!$H$8:$H$611,Dados_Tratados!$B$8:$B$611,$B12,Dados_Tratados!$C$8:$C$611,IF(Dashboard!$B$35="Brasil","*",Dashboard!$B$35),Dados_Tratados!$E$8:$E$611,"Integral",Dados_Tratados!$F$8:$F$611,IF(Dashboard!$B$43="Todas","*",Dashboard!$B$43)),0) -> 0 | E12: =IF(OR(Dashboard!$B$39="Todas",Dashboard!$B$39="Parcial"),SUMIFS(Dados_Tratados!$H$8:$H$611,Dados_Tratados!$B$8:$B$611,$B12,Dados_Tratados!$C$8:$C$611,IF(Dashboard!$B$35="Brasil","*",Dashboard!$B$35),Dados_Tratados!$E$8:$E$611,"Parcial",Dados_Tratados!$F$8:$F$611,IF(Dashboard!$B$43="Todas","*",Dashboard!$B$43)),0) -> 0 | F12: =IFERROR(D12/C12,0) -> 0 | G12: ="—" -> —
B13: 2015 | C13: =SUM(D13:E13) -> 0 | D13: =IF(OR(Dashboard!$B$39="Todas",Dashboard!$B$39="Integral"),SUMIFS(Dados_Tratados!$H$8:$H$611,Dados_Tratados!$B$8:$B$611,$B13,Dados_Tratados!$C$8:$C$611,IF(Dashboard!$B$35="Brasil","*",Dashboard!$B$35),Dados_Tratados!$E$8:$E$611,"Integral",Dados_Tratados!$F$8:$F$611,IF(Dashboard!$B$43="Todas","*",Dashboard!$B$43)),0) -> 0 | E13: =IF(OR(Dashboard!$B$39="Todas",Dashboard!$B$39="Parcial"),SUMIFS(Dados_Tratados!$H$8:$H$611,Dados_Tratados!$B$8:$B$611,$B13,Dados_Tratados!$C$8:$C$611,IF(Dashboard!$B$35="Brasil","*",Dashboard!$B$35),Dados_Tratados!$E$8:$E$611,"Parcial",Dados_Tratados!$F$8:$F$611,IF(Dashboard!$B$43="Todas","*",Dashboard!$B$43)),0) -> 0 | F13: =IFERROR(D13/C13,0) -> 0 | G13: =IFERROR(C13/C12-1,0) -> 0
B14: 2025 | C14: =SUM(D14:E14) -> 0 | D14: =IF(OR(Dashboard!$B$39="Todas",Dashboard!$B$39="Integral"),SUMIFS(Dados_Tratados!$H$8:$H$611,Dados_Tratados!$B$8:$B$611,$B14,Dados_Tratados!$C$8:$C$611,IF(Dashboard!$B$35="Brasil","*",Dashboard!$B$35),Dados_Tratados!$E$8:$E$611,"Integral",Dados_Tratados!$F$8:$F$611,IF(Dashboard!$B$43="Todas","*",Dashboard!$B$43)),0) -> 0 | E14: =IF(OR(Dashboard!$B$39="Todas",Dashboard!$B$39="Parcial"),SUMIFS(Dados_Tratados!$H$8:$H$611,Dados_Tratados!$B$8:$B$611,$B14,Dados_Tratados!$C$8:$C$611,IF(Dashboard!$B$35="Brasil","*",Dashboard!$B$35),Dados_Tratados!$E$8:$E$611,"Parcial",Dados_Tratados!$F$8:$F$611,IF(Dashboard!$B$43="Todas","*",Dashboard!$B$43)),0) -> 0 | F14: =IFERROR(D14/C14,0) -> 0 | G14: =IFERROR(C14/C13-1,0) -> 0
B17: GRÁFICO ÚNICO — COMPARAÇÃO POR REGIÃO (3 ANOS; TIPO/MODALIDADE FILTRÁVEIS)
B18: Região | C18: 2005 | D18: 2015 | E18: 2025 | F18: Var. abs. 05–25 | G18: Var. % 05–25 | H18: Var. % 15–25
B19: Norte | C19: =SUMIFS(Dados_Tratados!$H$8:$H$611,Dados_Tratados!$B$8:$B$611,2005,Dados_Tratados!$C$8:$C$611,$B19,Dados_Tratados!$E$8:$E$611,IF(Dashboard!$B$39="Todas","*",Dashboard!$B$39),Dados_Tratados!$F$8:$F$611,IF(Dashboard!$B$43="Todas","*",Dashboard!$B$43)) -> 2847 | D19: =SUMIFS(Dados_Tratados!$H$8:$H$611,Dados_Tratados!$B$8:$B$611,2015,Dados_Tratados!$C$8:$C$611,$B19,Dados_Tratados!$E$8:$E$611,IF(Dashboard!$B$39="Todas","*",Dashboard!$B$39),Dados_Tratados!$F$8:$F$611,IF(Dashboard!$B$43="Todas","*",Dashboard!$B$43)) -> 14891 | E19: =SUMIFS(Dados_Tratados!$H$8:$H$611,Dados_Tratados!$B$8:$B$611,2025,Dados_Tratados!$C$8:$C$611,$B19,Dados_Tratados!$E$8:$E$611,IF(Dashboard!$B$39="Todas","*",Dashboard!$B$39),Dados_Tratados!$F$8:$F$611,IF(Dashboard!$B$43="Todas","*",Dashboard!$B$43)) -> 15137 | F19: =E19-C19 -> 12290 | G19: =IFERROR(E19/C19-1,0) -> 4.3168247 | H19: =IFERROR(E19/D19-1,0) -> 0.016520046
B20: Nordeste | C20: =SUMIFS(Dados_Tratados!$H$8:$H$611,Dados_Tratados!$B$8:$B$611,2005,Dados_Tratados!$C$8:$C$611,$B20,Dados_Tratados!$E$8:$E$611,IF(Dashboard!$B$39="Todas","*",Dashboard!$B$39),Dados_Tratados!$F$8:$F$611,IF(Dashboard!$B$43="Todas","*",Dashboard!$B$43)) -> 10548 | D20: =SUMIFS(Dados_Tratados!$H$8:$H$611,Dados_Tratados!$B$8:$B$611,2015,Dados_Tratados!$C$8:$C$611,$B20,Dados_Tratados!$E$8:$E$611,IF(Dashboard!$B$39="Todas","*",Dashboard!$B$39),Dados_Tratados!$F$8:$F$611,IF(Dashboard!$B$43="Todas","*",Dashboard!$B$43)) -> 32924 | E20: =SUMIFS(Dados_Tratados!$H$8:$H$611,Dados_Tratados!$B$8:$B$611,2025,Dados_Tratados!$C$8:$C$611,$B20,Dados_Tratados!$E$8:$E$611,IF(Dashboard!$B$39="Todas","*",Dashboard!$B$39),Dados_Tratados!$F$8:$F$611,IF(Dashboard!$B$43="Todas","*",Dashboard!$B$43)) -> 46055 | F20: =E20-C20 -> 35507 | G20: =IFERROR(E20/C20-1,0) -> 3.3662306 | H20: =IFERROR(E20/D20-1,0) -> 0.3988276
B21: Centro-Oeste | C21: =SUMIFS(Dados_Tratados!$H$8:$H$611,Dados_Tratados!$B$8:$B$611,2005,Dados_Tratados!$C$8:$C$611,$B21,Dados_Tratados!$E$8:$E$611,IF(Dashboard!$B$39="Todas","*",Dashboard!$B$39),Dados_Tratados!$F$8:$F$611,IF(Dashboard!$B$43="Todas","*",Dashboard!$B$43)) -> 5029 | D21: =SUMIFS(Dados_Tratados!$H$8:$H$611,Dados_Tratados!$B$8:$B$611,2015,Dados_Tratados!$C$8:$C$611,$B21,Dados_Tratados!$E$8:$E$611,IF(Dashboard!$B$39="Todas","*",Dashboard!$B$39),Dados_Tratados!$F$8:$F$611,IF(Dashboard!$B$43="Todas","*",Dashboard!$B$43)) -> 14558 | E21: =SUMIFS(Dados_Tratados!$H$8:$H$611,Dados_Tratados!$B$8:$B$611,2025,Dados_Tratados!$C$8:$C$611,$B21,Dados_Tratados!$E$8:$E$611,IF(Dashboard!$B$39="Todas","*",Dashboard!$B$39),Dados_Tratados!$F$8:$F$611,IF(Dashboard!$B$43="Todas","*",Dashboard!$B$43)) -> 9415 | F21: =E21-C21 -> 4386 | G21: =IFERROR(E21/C21-1,0) -> 0.87214158 | H21: =IFERROR(E21/D21-1,0) -> -0.35327655
B22: Sudeste | C22: =SUMIFS(Dados_Tratados!$H$8:$H$611,Dados_Tratados!$B$8:$B$611,2005,Dados_Tratados!$C$8:$C$611,$B22,Dados_Tratados!$E$8:$E$611,IF(Dashboard!$B$39="Todas","*",Dashboard!$B$39),Dados_Tratados!$F$8:$F$611,IF(Dashboard!$B$43="Todas","*",Dashboard!$B$43)) -> 36498 | D22: =SUMIFS(Dados_Tratados!$H$8:$H$611,Dados_Tratados!$B$8:$B$611,2015,Dados_Tratados!$C$8:$C$611,$B22,Dados_Tratados!$E$8:$E$611,IF(Dashboard!$B$39="Todas","*",Dashboard!$B$39),Dados_Tratados!$F$8:$F$611,IF(Dashboard!$B$43="Todas","*",Dashboard!$B$43)) -> 84852 | E22: =SUMIFS(Dados_Tratados!$H$8:$H$611,Dados_Tratados!$B$8:$B$611,2025,Dados_Tratados!$C$8:$C$611,$B22,Dados_Tratados!$E$8:$E$611,IF(Dashboard!$B$39="Todas","*",Dashboard!$B$39),Dados_Tratados!$F$8:$F$611,IF(Dashboard!$B$43="Todas","*",Dashboard!$B$43)) -> 57081 | F22: =E22-C22 -> 20583 | G22: =IFERROR(E22/C22-1,0) -> 0.56394871 | H22: =IFERROR(E22/D22-1,0) -> -0.32728751
B23: Sul | C23: =SUMIFS(Dados_Tratados!$H$8:$H$611,Dados_Tratados!$B$8:$B$611,2005,Dados_Tratados!$C$8:$C$611,$B23,Dados_Tratados!$E$8:$E$611,IF(Dashboard!$B$39="Todas","*",Dashboard!$B$39),Dados_Tratados!$F$8:$F$611,IF(Dashboard!$B$43="Todas","*",Dashboard!$B$43)) -> 12188 | D23: =SUMIFS(Dados_Tratados!$H$8:$H$611,Dados_Tratados!$B$8:$B$611,2015,Dados_Tratados!$C$8:$C$611,$B23,Dados_Tratados!$E$8:$E$611,IF(Dashboard!$B$39="Todas","*",Dashboard!$B$39),Dados_Tratados!$F$8:$F$611,IF(Dashboard!$B$43="Todas","*",Dashboard!$B$43)) -> 37851 | E23: =SUMIFS(Dados_Tratados!$H$8:$H$611,Dados_Tratados!$B$8:$B$611,2025,Dados_Tratados!$C$8:$C$611,$B23,Dados_Tratados!$E$8:$E$611,IF(Dashboard!$B$39="Todas","*",Dashboard!$B$39),Dados_Tratados!$F$8:$F$611,IF(Dashboard!$B$43="Todas","*",Dashboard!$B$43)) -> 19101 | F23: =E23-C23 -> 6913 | G23: =IFERROR(E23/C23-1,0) -> 0.56719724 | H23: =IFERROR(E23/D23-1,0) -> -0.4953634
B27: REGIÃO POR TIPO — NO ANO SELECIONADO
B28: Região | C28: Integral | D28: Parcial | E28: Total
B29: Norte | C29: =IF(OR(Dashboard!$B$39="Todas",Dashboard!$B$39="Integral"),SUMIFS(Dados_Tratados!$H$8:$H$611,Dados_Tratados!$B$8:$B$611,Dashboard!$B$47,Dados_Tratados!$C$8:$C$611,$B29,Dados_Tratados!$E$8:$E$611,"Integral",Dados_Tratados!$F$8:$F$611,IF(Dashboard!$B$43="Todas","*",Dashboard!$B$43)),0) -> 2847 | D29: =IF(OR(Dashboard!$B$39="Todas",Dashboard!$B$39="Parcial"),SUMIFS(Dados_Tratados!$H$8:$H$611,Dados_Tratados!$B$8:$B$611,Dashboard!$B$47,Dados_Tratados!$C$8:$C$611,$B29,Dados_Tratados!$E$8:$E$611,"Parcial",Dados_Tratados!$F$8:$F$611,IF(Dashboard!$B$43="Todas","*",Dashboard!$B$43)),0) -> 0 | E29: =SUM(C29:D29) -> 2847
B30: Nordeste | C30: =IF(OR(Dashboard!$B$39="Todas",Dashboard!$B$39="Integral"),SUMIFS(Dados_Tratados!$H$8:$H$611,Dados_Tratados!$B$8:$B$611,Dashboard!$B$47,Dados_Tratados!$C$8:$C$611,$B30,Dados_Tratados!$E$8:$E$611,"Integral",Dados_Tratados!$F$8:$F$611,IF(Dashboard!$B$43="Todas","*",Dashboard!$B$43)),0) -> 10548 | D30: =IF(OR(Dashboard!$B$39="Todas",Dashboard!$B$39="Parcial"),SUMIFS(Dados_Tratados!$H$8:$H$611,Dados_Tratados!$B$8:$B$611,Dashboard!$B$47,Dados_Tratados!$C$8:$C$611,$B30,Dados_Tratados!$E$8:$E$611,"Parcial",Dados_Tratados!$F$8:$F$611,IF(Dashboard!$B$43="Todas","*",Dashboard!$B$43)),0) -> 0 | E30: =SUM(C30:D30) -> 10548
B31: Centro-Oeste | C31: =IF(OR(Dashboard!$B$39="Todas",Dashboard!$B$39="Integral"),SUMIFS(Dados_Tratados!$H$8:$H$611,Dados_Tratados!$B$8:$B$611,Dashboard!$B$47,Dados_Tratados!$C$8:$C$611,$B31,Dados_Tratados!$E$8:$E$611,"Integral",Dados_Tratados!$F$8:$F$611,IF(Dashboard!$B$43="Todas","*",Dashboard!$B$43)),0) -> 5029 | D31: =IF(OR(Dashboard!$B$39="Todas",Dashboard!$B$39="Parcial"),SUMIFS(Dados_Tratados!$H$8:$H$611,Dados_Tratados!$B$8:$B$611,Dashboard!$B$47,Dados_Tratados!$C$8:$C$611,$B31,Dados_Tratados!$E$8:$E$611,"Parcial",Dados_Tratados!$F$8:$F$611,IF(Dashboard!$B$43="Todas","*",Dashboard!$B$43)),0) -> 0 | E31: =SUM(C31:D31) -> 5029
B32: Sudeste | C32: =IF(OR(Dashboard!$B$39="Todas",Dashboard!$B$39="Integral"),SUMIFS(Dados_Tratados!$H$8:$H$611,Dados_Tratados!$B$8:$B$611,Dashboard!$B$47,Dados_Tratados!$C$8:$C$611,$B32,Dados_Tratados!$E$8:$E$611,"Integral",Dados_Tratados!$F$8:$F$611,IF(Dashboard!$B$43="Todas","*",Dashboard!$B$43)),0) -> 36498 | D32: =IF(OR(Dashboard!$B$39="Todas",Dashboard!$B$39="Parcial"),SUMIFS(Dados_Tratados!$H$8:$H$611,Dados_Tratados!$B$8:$B$611,Dashboard!$B$47,Dados_Tratados!$C$8:$C$611,$B32,Dados_Tratados!$E$8:$E$611,"Parcial",Dados_Tratados!$F$8:$F$611,IF(Dashboard!$B$43="Todas","*",Dashboard!$B$43)),0) -> 0 | E32: =SUM(C32:D32) -> 36498
B33: Sul | C33: =IF(OR(Dashboard!$B$39="Todas",Dashboard!$B$39="Integral"),SUMIFS(Dados_Tratados!$H$8:$H$611,Dados_Tratados!$B$8:$B$611,Dashboard!$B$47,Dados_Tratados!$C$8:$C$611,$B33,Dados_Tratados!$E$8:$E$611,"Integral",Dados_Tratados!$F$8:$F$611,IF(Dashboard!$B$43="Todas","*",Dashboard!$B$43)),0) -> 12188 | D33: =IF(OR(Dashboard!$B$39="Todas",Dashboard!$B$39="Parcial"),SUMIFS(Dados_Tratados!$H$8:$H$611,Dados_Tratados!$B$8:$B$611,Dashboard!$B$47,Dados_Tratados!$C$8:$C$611,$B33,Dados_Tratados!$E$8:$E$611,"Parcial",Dados_Tratados!$F$8:$F$611,IF(Dashboard!$B$43="Todas","*",Dashboard!$B$43)),0) -> 0 | E33: =SUM(C33:D33) -> 12188
B36: Notas de cálculo: categoria “Não informado” soma ao Brasil, mas não integra os cinco grupos regionais do gráfico.
